"Vinissi Fastighet AB";"556903-8671";"";""
"";"";"";""
"";"Ingående saldo 2018-01-01";"";"20 039"
"2018-01-17";"Debiterad preliminärskatt";"-608";"19 431"
"2018-02-12";"Debiterad preliminärskatt";"-2 294";"17 137"
"2018-03-12";"Debiterad preliminärskatt";"-2 294";"14 843"
"2018-03-12";"Slutlig skatt";"-25 034";"-10 191"
"2018-03-12";"Tillgodoförd debiterad preliminärskatt";"6 144";"-4 047"
"2018-04-01";"Korrigerad kostnadsränta";"-36";"-4 083"
"2018-04-01";"Kostnadsränta";"-37";"-4 120"
"2018-04-12";"Debiterad preliminärskatt";"-2 294";"-6 414"
"2018-04-17";"Inbetalning bokförd 180416";"4 166";"-2 248"
"2018-05-05";"Kostnadsränta";"-50";"-2 298"
"2018-05-14";"Debiterad preliminärskatt";"-2 294";"-4 592"
"2018-05-22";"Inbetalning bokförd 180521";"2 322";"-2 270"
"2018-06-02";"Kostnadsränta";"-36";"-2 306"
"2018-06-12";"Debiterad preliminärskatt";"-2 294";"-4 600"
"2018-06-26";"Inbetalning bokförd 180625";"2 331";"-2 269"
"2018-07-01";"Kostnadsränta";"-43";"-2 312"
"2018-07-12";"Debiterad preliminärskatt";"-2 294";"-4 606"
"2018-07-28";"Inbetalning bokförd 180727";"2 338";"-2 268"
"2018-08-04";"Kostnadsränta";"-50";"-2 318"
"2018-08-17";"Debiterad preliminärskatt";"-2 294";"-4 612"
"2018-08-29";"Inbetalning bokförd 180828";"2 342";"-2 270"
"2018-09-01";"Kostnadsränta";"-40";"-2 310"
"2018-09-12";"Debiterad preliminärskatt";"-2 294";"-4 604"
"2018-09-25";"Inbetalning bokförd 180924";"2 336";"-2 268"
"2018-10-06";"Kostnadsränta";"-48";"-2 316"
"2018-10-12";"Debiterad preliminärskatt";"-2 294";"-4 610"
"2018-11-01";"Inbetalning bokförd 181031";"2 337";"-2 273"
"2018-11-03";"Kostnadsränta";"-48";"-2 321"
"2018-11-12";"Debiterad preliminärskatt";"-2 294";"-4 615"
"2018-11-27";"Inbetalning bokförd 181126";"2 345";"-2 270"
"2018-12-01";"Kostnadsränta";"-44";"-2 314"
"2018-12-12";"Debiterad preliminärskatt";"-2 294";"-4 608"
"2018-12-28";"Inbetalning bokförd 181227";"2 340";"-2 268"
"2018-12-28";"Inbetalning bokförd 181227";"7 172";"4 904"
"2019-01-05";"Kostnadsränta";"-42";"4 862"
"2019-01-17";"Debiterad preliminärskatt";"-2 294";"2 568"
"2019-02-08";"Inbetalning bokförd 190207";"2 294";"4 862"
"2019-02-12";"Debiterad preliminärskatt";"-2 294";"2 568"
"2019-03-08";"Inbetalning bokförd 190307";"2 294";"4 862"
"2019-03-12";"Debiterad preliminärskatt";"-2 294";"2 568"
"2019-03-12";"Slutlig skatt";"-14 397";"-11 829"
"2019-03-12";"Tillgodoförd debiterad preliminärskatt";"7 296";"-4 533"
"2019-04-06";"Inbetalning bokförd 190405";"2 294";"-2 239"
"2019-04-06";"Korrigerad kostnadsränta";"-61";"-2 300"
"2019-04-06";"Kostnadsränta";"-51";"-2 351"
"2019-04-12";"Debiterad preliminärskatt";"-2 294";"-4 645"
"2019-05-01";"Inbetalning bokförd 190430";"2 372";"-2 273"
"2019-05-04";"Kostnadsränta";"-48";"-2 321"
"2019-05-10";"Inbetalning bokförd 190509";"2 294";"-27"
"2019-05-13";"Debiterad preliminärskatt";"-2 294";"-2 321"
"2019-05-21";"Inbetalning bokförd 190520";"2 344";"23"
"2019-06-01";"Kostnadsränta";"-12";"11"
"2019-06-08";"Inbetalning bokförd 190607";"2 294";"2 305"
"2019-06-12";"Debiterad preliminärskatt";"-2 294";"11"
"2019-07-06";"Inbetalning bokförd 190705";"2 294";"2 305"
"2019-07-12";"Debiterad preliminärskatt";"-2 294";"11"
"2019-08-10";"Inbetalning bokförd 190809";"2 294";"2 305"
"2019-08-19";"Debiterad preliminärskatt";"-2 294";"11"
"2019-09-07";"Inbetalning bokförd 190906";"2 294";"2 305"
"2019-09-12";"Debiterad preliminärskatt";"-2 294";"11"
"2019-10-08";"Inbetalning bokförd 191007";"2 294";"2 305"
"2019-10-14";"Debiterad preliminärskatt";"-2 294";"11"
"2019-11-09";"Inbetalning bokförd 191108";"2 294";"2 305"
"2019-11-12";"Debiterad preliminärskatt";"-2 294";"11"
"2019-12-01";"Slutlig skatt";"-20 550";"-20 539"
"2019-12-01";"Tillgodoförd debiterad preliminärskatt";"27 528";"6 989"
"2019-12-01";"Korrigerad kostnadsränta";"114";"7 103"
"2019-12-07";"Inbetalning bokförd 191206";"2 294";"9 397"
"2019-12-13";"Debiterad preliminärskatt";"-2 294";"7 103"
"2020-01-11";"Inbetalning bokförd 200110";"2 294";"9 397"
"2020-01-17";"Debiterad preliminärskatt";"-2 294";"7 103"
"2020-02-11";"Inbetalning bokförd 200210";"2 294";"9 397"
"2020-02-12";"Debiterad preliminärskatt";"-2 294";"7 103"
"2020-03-11";"Inbetalning bokförd 200310";"2 294";"9 397"
"2020-03-12";"Debiterad preliminärskatt";"-2 294";"7 103"
"2020-04-10";"Inbetalning bokförd 200409";"2 294";"9 397"
"2020-04-14";"Debiterad preliminärskatt";"-2 294";"7 103"
"2020-05-09";"Inbetalning bokförd 200508";"2 294";"9 397"
"2020-05-12";"Debiterad preliminärskatt";"-2 294";"7 103"
"2020-06-11";"Inbetalning bokförd 200610";"2 294";"9 397"
"2020-06-12";"Debiterad preliminärskatt";"-2 294";"7 103"
"2020-07-11";"Inbetalning bokförd 200710";"2 294";"9 397"
"2020-07-13";"Debiterad preliminärskatt";"-2 294";"7 103"
"2020-08-11";"Inbetalning bokförd 200810";"2 294";"9 397"
"2020-08-17";"Debiterad preliminärskatt";"-2 294";"7 103"
"2020-09-11";"Inbetalning bokförd 200910";"2 294";"9 397"
"2020-09-14";"Debiterad preliminärskatt";"-2 294";"7 103"
"2020-10-10";"Inbetalning bokförd 201009";"2 294";"9 397"
"2020-10-12";"Debiterad preliminärskatt";"-2 294";"7 103"
"2020-11-11";"Inbetalning bokförd 201110";"2 294";"9 397"
"2020-11-12";"Debiterad preliminärskatt";"-2 294";"7 103"
"2020-12-05";"Slutlig skatt";"-11 016";"-3 913"
"2020-12-05";"Tillgodoförd debiterad preliminärskatt";"27 528";"23 615"
"2020-12-11";"Inbetalning bokförd 201210";"2 294";"25 909"
"2020-12-14";"Debiterad preliminärskatt";"-2 294";"23 615"
"2021-01-12";"Inbetalning bokförd 210111";"2 294";"25 909"
"2021-01-18";"Debiterad preliminärskatt";"-2 294";"23 615"
"2021-02-11";"Inbetalning bokförd 210210";"8 520";"32 135"
"2021-02-12";"Debiterad preliminärskatt";"-710";"31 425"
"2021-03-12";"Debiterad preliminärskatt";"-710";"30 715"
"2021-04-12";"Debiterad preliminärskatt";"-710";"30 005"
"2021-05-12";"Debiterad preliminärskatt";"-710";"29 295"
"2021-06-14";"Debiterad preliminärskatt";"-710";"28 585"
"2021-07-12";"Debiterad preliminärskatt";"-710";"27 875"
"2021-08-17";"Debiterad preliminärskatt";"-710";"27 165"
"2021-09-13";"Debiterad preliminärskatt";"-710";"26 455"
"2021-10-12";"Debiterad preliminärskatt";"-710";"25 745"
"2021-11-12";"Debiterad preliminärskatt";"-710";"25 035"
"2021-11-12";"Tillgodoförd debiterad preliminärskatt";"27 528";"52 563"
"2021-12-13";"Debiterad preliminärskatt";"-710";"51 853"
"2022-01-17";"Debiterad preliminärskatt";"-710";"51 143"
"2022-02-14";"Debiterad preliminärskatt";"-710";"50 433"
"2022-03-14";"Debiterad preliminärskatt";"-710";"49 723"
"2022-04-12";"Debiterad preliminärskatt";"-710";"49 013"
"2022-05-12";"Debiterad preliminärskatt";"-710";"48 303"
"2022-06-13";"Debiterad preliminärskatt";"-710";"47 593"
"2022-07-12";"Debiterad preliminärskatt";"-710";"46 883"
"2022-08-17";"Debiterad preliminärskatt";"-710";"46 173"
"2022-09-12";"Debiterad preliminärskatt";"-710";"45 463"
"2022-10-12";"Debiterad preliminärskatt";"-710";"44 753"
"2022-11-05";"Intäktsränta";"7";"44 760"
"2022-11-14";"Debiterad preliminärskatt";"-710";"44 050"
"2022-12-03";"Tillgodoförd debiterad preliminärskatt";"8 520";"52 570"
"2022-12-03";"Intäktsränta";"46";"52 616"
"2022-12-03";"Korrigerad intäktsränta";"1";"52 617"
"2022-12-12";"Debiterad preliminärskatt";"-710";"51 907"
"2023-01-01";"Intäktsränta";"47";"51 954"
"2023-01-17";"Debiterad preliminärskatt";"-710";"51 244"
"2023-02-04";"Intäktsränta";"57";"51 301"
"2023-02-13";"Debiterad preliminärskatt";"-710";"50 591"
"2023-02-14";"Inbetalning bokförd 230213";"8 520";"59 111"
"2023-03-04";"Intäktsränta";"73";"59 184"
"2023-03-13";"Debiterad preliminärskatt";"-710";"58 474"
"2023-04-01";"Intäktsränta";"76";"58 550"
"2023-04-12";"Debiterad preliminärskatt";"-710";"57 840"
"2023-05-06";"Intäktsränta";"94";"57 934"
"2023-05-12";"Debiterad preliminärskatt";"-710";"57 224"
"2023-06-03";"Intäktsränta";"74";"57 298"
"2023-06-12";"Debiterad preliminärskatt";"-710";"56 588"
"2023-07-01";"Intäktsränta";"74";"56 662"
"2023-07-12";"Debiterad preliminärskatt";"-710";"55 952"
"2023-08-05";"Intäktsränta";"95";"56 047"
"2023-08-17";"Debiterad preliminärskatt";"-710";"55 337"
"2023-09-02";"Intäktsränta";"96";"55 433"
"2023-09-12";"Debiterad preliminärskatt";"-710";"54 723"
"2023-10-01";"Intäktsränta";"98";"54 821"
"2023-10-12";"Debiterad preliminärskatt";"-710";"54 111"
"2023-11-04";"Intäktsränta";"114";"54 225"
"2023-11-13";"Debiterad preliminärskatt";"-710";"53 515"
"2023-12-02";"Tillgodoförd debiterad preliminärskatt";"8 520";"62 035"
"2023-12-02";"Intäktsränta";"108";"62 143"
"2023-12-02";"Korrigerad intäktsränta";"117";"62 260"
"2023-12-12";"Debiterad preliminärskatt";"-710";"61 550"
"2024-01-06";"Intäktsränta";"133";"61 683"
"2024-01-17";"Debiterad preliminärskatt";"-710";"60 973"
"2024-02-03";"Intäktsränta";"106";"61 079"
"2024-02-12";"Debiterad preliminärskatt";"-710";"60 369"
"2024-02-14";"Inbetalning bokförd 240213";"8 520";"68 889"
"2024-03-02";"Intäktsränta";"113";"69 002"
"2024-03-12";"Debiterad preliminärskatt";"-710";"68 292"
"2024-04-06";"Intäktsränta";"148";"68 440"
"2024-04-12";"Debiterad preliminärskatt";"-710";"67 730"
"2024-05-04";"Intäktsränta";"117";"67 847"
"2024-05-13";"Debiterad preliminärskatt";"-710";"67 137"
"2024-06-01";"Intäktsränta";"116";"67 253"
"2024-06-12";"Debiterad preliminärskatt";"-710";"66 543"
"2024-07-06";"Intäktsränta";"137";"66 680"
"2024-07-12";"Debiterad preliminärskatt";"-710";"65 970"
"2024-08-03";"Intäktsränta";"86";"66 056"
"2024-08-19";"Debiterad preliminärskatt";"-710";"65 346"
"2024-09-01";"Intäktsränta";"87";"65 433"
"2024-09-12";"Debiterad preliminärskatt";"-710";"64 723"
"2024-10-05";"Intäktsränta";"102";"64 825"
"2024-10-14";"Debiterad preliminärskatt";"-710";"64 115"
"2024-11-02";"Intäktsränta";"83";"64 198"
"2024-11-12";"Debiterad preliminärskatt";"-710";"63 488"
"2024-12-01";"Slutlig skatt";"-7 411";"56 077"
"2024-12-01";"Tillgodoförd debiterad preliminärskatt";"8 520";"64 597"
"2024-12-01";"Intäktsränta";"86";"64 683"
"2024-12-01";"Korrigerad intäktsränta";"16";"64 699"
"2024-12-12";"Debiterad preliminärskatt";"-710";"63 989"
"2025-01-04";"Intäktsränta";"67";"64 056"
"2025-01-17";"Debiterad preliminärskatt";"-710";"63 346"
"2025-02-01";"Intäktsränta";"55";"63 401"
"2025-02-12";"Debiterad preliminärskatt";"-710";"62 691"
"2025-03-01";"Intäktsränta";"54";"62 745"
"2025-03-12";"Debiterad preliminärskatt";"-710";"62 035"
"2025-04-05";"Intäktsränta";"68";"62 103"
"2025-04-14";"Debiterad preliminärskatt";"-710";"61 393"
"2025-05-03";"Intäktsränta";"53";"61 446"
"2025-05-12";"Debiterad preliminärskatt";"-710";"60 736"
"2025-06-01";"Intäktsränta";"54";"60 790"
"2025-06-12";"Debiterad preliminärskatt";"-710";"60 080"
"2025-07-05";"Intäktsränta";"63";"60 143"
"2025-07-14";"Debiterad preliminärskatt";"-710";"59 433"
"2025-08-02";"Intäktsränta";"52";"59 485"
"2025-08-18";"Debiterad preliminärskatt";"-710";"58 775"
"2025-09-06";"Intäktsränta";"64";"58 839"
"2025-09-12";"Debiterad preliminärskatt";"-710";"58 129"
"2025-10-04";"Intäktsränta";"50";"58 179"
"2025-10-13";"Debiterad preliminärskatt";"-710";"57 469"
"";"Utgående saldo 2025-10-20";"";"57 469"
